country,iso3,age_group,year,mean_rate,lower_rate,upper_rate,log_UI_width,relative_UI_width,population_at_risk,sdi,primary_profile,primary_high_deviation,benchmark_stability_share,primary_benchmark_deviation,source_metadata_available,source_metadata_coverage_note,estimation_support_indicator,support_indicator_note
Afghanistan,AFG,<5 years,2023,11865.47544886917,10213.69648245352,13737.050327714687,0.2963669740494481,0.2969416489414216,6212734.329584645,0.333711266,benchmark-aligned high burden,False,0.25,-4594.739435643152,False,No auditable country-level GBD morbidity source identifier was available in the inspected exports.,log_UI_width,Uncertainty-based estimation-support proxy; not source density or a measure of surveillance/data quality.
Albania,ALB,<5 years,2023,4274.18064009471,3610.82796498983,4962.78847856557,0.3180306767944501,0.3163086980679839,118996.87963523708,0.706767038,neither,False,0.0,-166.31864153836614,False,No auditable country-level GBD morbidity source identifier was available in the inspected exports.,log_UI_width,Uncertainty-based estimation-support proxy; not source density or a measure of surveillance/data quality.
Algeria,DZA,<5 years,2023,5984.66604270513,5069.62633880526,7198.67577253013,0.3506299741704435,0.35575075008905893,4461920.92833307,0.657757116,neither,False,0.25,105.9367177197464,False,No auditable country-level GBD morbidity source identifier was available in the inspected exports.,log_UI_width,Uncertainty-based estimation-support proxy; not source density or a measure of surveillance/data quality.
American Samoa,ASM,<5 years,2023,6620.004677934339,5613.43262705518,7814.51741342348,0.33082080175043593,0.3324899140486879,3651.119425222068,0.743030595,deviation-only,True,1.0,3121.596537152041,False,No auditable country-level GBD morbidity source identifier was available in the inspected exports.,log_UI_width,Uncertainty-based estimation-support proxy; not source density or a measure of surveillance/data quality.
Andorra,AND,<5 years,2023,866.5960096795799,696.77522626354,1081.63010017566,0.4397616628823915,0.4440995222842282,2360.405940554894,0.879855839,neither,False,0.0,-200.49831590645124,False,No auditable country-level GBD morbidity source identifier was available in the inspected exports.,log_UI_width,Uncertainty-based estimation-support proxy; not source density or a measure of surveillance/data quality.
Angola,AGO,<5 years,2023,6833.60398246464,5869.32608343482,7946.54487083132,0.30299740641585693,0.30397119773500836,5906389.314396403,0.499296938,neither,False,0.0,-4442.174609938373,False,No auditable country-level GBD morbidity source identifier was available in the inspected exports.,log_UI_width,Uncertainty-based estimation-support proxy; not source density or a measure of surveillance/data quality.
Antigua and Barbuda,ATG,<5 years,2023,4015.9661438137,3404.48491807392,4677.41187721674,0.3176512833364509,0.3169665563798814,5184.211347679857,0.755852569,deviation-only,True,0.75,822.4840487546021,False,No auditable country-level GBD morbidity source identifier was available in the inspected exports.,log_UI_width,Uncertainty-based estimation-support proxy; not source density or a measure of surveillance/data quality.
Argentina,ARG,<5 years,2023,2512.36657406578,2043.7863959921,2984.78763423608,0.37872443606280815,0.37454774631918114,2782523.8322800617,0.764786183,neither,False,0.0,-477.821289970293,False,No auditable country-level GBD morbidity source identifier was available in the inspected exports.,log_UI_width,Uncertainty-based estimation-support proxy; not source density or a measure of surveillance/data quality.
Armenia,ARM,<5 years,2023,4742.33013415951,4142.23994561586,5430.75174992,0.2708408769909294,0.2717043663879181,170494.7915600095,0.717334917,neither,False,0.0,588.0343462746187,False,No auditable country-level GBD morbidity source identifier was available in the inspected exports.,log_UI_width,Uncertainty-based estimation-support proxy; not source density or a measure of surveillance/data quality.
Australia,AUS,<5 years,2023,608.6981479992099,499.92567554877,736.74982542609,0.3877889461960331,0.38906665094309983,1502490.78671653,0.852886303,neither,False,0.0,-795.1124174985115,False,No auditable country-level GBD morbidity source identifier was available in the inspected exports.,log_UI_width,Uncertainty-based estimation-support proxy; not source density or a measure of surveillance/data quality.
Austria,AUT,<5 years,2023,966.88244831954,778.1256180622499,1219.61736731403,0.4494044812352973,0.4566136762737818,429575.3730888497,0.853959728,neither,False,0.0,-422.2538026530698,False,No auditable country-level GBD morbidity source identifier was available in the inspected exports.,log_UI_width,Uncertainty-based estimation-support proxy; not source density or a measure of surveillance/data quality.
Azerbaijan,AZE,<5 years,2023,5733.44601345271,5129.99968864665,6396.11311460941,0.22058488153628808,0.22082939701394358,631336.5894710912,0.705297926,deviation-only,True,1.0,1252.4361578488115,False,No auditable country-level GBD morbidity source identifier was available in the inspected exports.,log_UI_width,Uncertainty-based estimation-support proxy; not source density or a measure of surveillance/data quality.
Bahamas,BHS,<5 years,2023,3296.48391560486,2753.11145626902,3909.32723450794,0.35063358567962766,0.3507421264110036,21100.197023232544,0.813601011,deviation-only,True,0.875,1279.5835411359858,False,No auditable country-level GBD morbidity source identifier was available in the inspected exports.,log_UI_width,Uncertainty-based estimation-support proxy; not source density or a measure of surveillance/data quality.
Bahrain,BHR,<5 years,2023,5578.38369139448,4628.03663439954,6758.513653960769,0.37867026708790164,0.3819165438275283,86685.92062033969,0.784320905,deviation-only,True,1.0,3005.8606636314234,False,No auditable country-level GBD morbidity source identifier was available in the inspected exports.,log_UI_width,Uncertainty-based estimation-support proxy; not source density or a measure of surveillance/data quality.
Bangladesh,BGD,<5 years,2023,9008.64499067312,7825.872575271681,10249.18143515729,0.2697626009846523,0.2689981525961477,16175729.18158188,0.517107282,benchmark-aligned high burden,False,0.25,-1643.2338844610094,False,No auditable country-level GBD morbidity source identifier was available in the inspected exports.,log_UI_width,Uncertainty-based estimation-support proxy; not source density or a measure of surveillance/data quality.
Barbados,BRB,<5 years,2023,4115.96855926126,3435.5470637192,4997.45567443327,0.3747527431755717,0.3794753502671079,13216.061354905343,0.754794961,deviation-only,True,0.875,897.9172078425804,False,No auditable country-level GBD morbidity source identifier was available in the inspected exports.,log_UI_width,Uncertainty-based estimation-support proxy; not source density or a measure of surveillance/data quality.
Belarus,BLR,<5 years,2023,2812.2260922291603,2223.68323794788,3441.19438442203,0.4366536786334274,0.43293501537391266,436477.63105697377,0.803625792,neither,False,0.25,615.5781600508558,False,No auditable country-level GBD morbidity source identifier was available in the inspected exports.,log_UI_width,Uncertainty-based estimation-support proxy; not source density or a measure of surveillance/data quality.
Belgium,BEL,<5 years,2023,902.98863430065,722.81190558156,1089.6173030561,0.4104327854035148,0.4062126404931161,586381.3930553258,0.876976215,neither,False,0.0,-196.9497614204093,False,No auditable country-level GBD morbidity source identifier was available in the inspected exports.,log_UI_width,Uncertainty-based estimation-support proxy; not source density or a measure of surveillance/data quality.
Belize,BLZ,<5 years,2023,3556.97627194726,3033.1556763827703,4076.763680637581,0.2956999032101173,0.2933975164482864,35994.304101532034,0.628475098,neither,False,0.0,-3254.8677071024267,False,No auditable country-level GBD morbidity source identifier was available in the inspected exports.,log_UI_width,Uncertainty-based estimation-support proxy; not source density or a measure of surveillance/data quality.
Benin,BEN,<5 years,2023,8590.05600133257,7290.329272496169,9962.32856070136,0.3122621228111857,0.3110572606035031,2350071.2096501407,0.40649626,benchmark-aligned high burden,False,0.0,-5774.73582478497,False,No auditable country-level GBD morbidity source identifier was available in the inspected exports.,log_UI_width,Uncertainty-based estimation-support proxy; not source density or a measure of surveillance/data quality.
Bermuda,BMU,<5 years,2023,3746.77522268584,3044.97744472672,4573.89156436877,0.40687089454068825,0.40806134042545045,2372.393774926286,0.826940374,deviation-only,True,0.875,1954.877843432249,False,No auditable country-level GBD morbidity source identifier was available in the inspected exports.,log_UI_width,Uncertainty-based estimation-support proxy; not source density or a measure of surveillance/data quality.
Bhutan,BTN,<5 years,2023,6326.53584007223,5393.75572395331,7401.501334134129,0.3164409255545966,0.3173530761437838,50915.50747097213,0.52425393,neither,False,0.0,-4073.9526330812632,False,No auditable country-level GBD morbidity source identifier was available in the inspected exports.,log_UI_width,Uncertainty-based estimation-support proxy; not source density or a measure of surveillance/data quality.
Bolivia (Plurinational State of),BOL,<5 years,2023,7440.207928602401,6227.79778070937,8680.727712693919,0.3320825789601276,0.3296856694763525,1142219.6540728686,0.631803304,double-high,True,0.625,736.7714055160404,False,No auditable country-level GBD morbidity source identifier was available in the inspected exports.,log_UI_width,Uncertainty-based estimation-support proxy; not source density or a measure of surveillance/data quality.
Bosnia and Herzegovina,BIH,<5 years,2023,3927.71368127109,3301.3737827017103,4665.43213787158,0.34584178443216196,0.3472906799887797,141026.7038352425,0.712915296,neither,False,0.0,-345.1524861291059,False,No auditable country-level GBD morbidity source identifier was available in the inspected exports.,log_UI_width,Uncertainty-based estimation-support proxy; not source density or a measure of surveillance/data quality.
Botswana,BWA,<5 years,2023,7123.59825240792,6163.52861178341,8386.112587991849,0.30792763423587033,0.3120029930740635,250631.51595206367,0.677582005,deviation-only,True,1.0,1847.166214306525,False,No auditable country-level GBD morbidity source identifier was available in the inspected exports.,log_UI_width,Uncertainty-based estimation-support proxy; not source density or a measure of surveillance/data quality.
Brazil,BRA,<5 years,2023,6194.3408642165405,5301.7922633096005,7142.59215796653,0.2980308315175062,0.2971744589147265,14859303.735733423,0.683949753,deviation-only,True,1.0,1105.6993530612344,False,No auditable country-level GBD morbidity source identifier was available in the inspected exports.,log_UI_width,Uncertainty-based estimation-support proxy; not source density or a measure of surveillance/data quality.
Brunei Darussalam,BRN,<5 years,2023,2212.60041728681,1887.87938807609,2605.85891612185,0.32230815689274284,0.3244957934728128,28009.523307230567,0.832363947,neither,False,0.375,507.19430172242346,False,No auditable country-level GBD morbidity source identifier was available in the inspected exports.,log_UI_width,Uncertainty-based estimation-support proxy; not source density or a measure of surveillance/data quality.
Bulgaria,BGR,<5 years,2023,4042.16336222822,3444.53472153645,4708.64397412493,0.31261112670952684,0.31273086694142077,302557.30344792194,0.770862429,deviation-only,True,0.875,1185.8699766699629,False,No auditable country-level GBD morbidity source identifier was available in the inspected exports.,log_UI_width,Uncertainty-based estimation-support proxy; not source density or a measure of surveillance/data quality.
Burkina Faso,BFA,<5 years,2023,7131.39903429697,6226.59287016911,8248.437131325061,0.2811944513971092,0.2835129897278661,4429995.547923135,0.306760806,neither,False,0.0,-10014.71267363304,False,No auditable country-level GBD morbidity source identifier was available in the inspected exports.,log_UI_width,Uncertainty-based estimation-support proxy; not source density or a measure of surveillance/data quality.
Burundi,BDI,<5 years,2023,12220.57701587248,10355.37779227818,14415.96062697706,0.33082999143294956,0.33227423135788625,2327164.9126931075,0.307259853,benchmark-aligned high burden,False,0.25,-4913.281257032202,False,No auditable country-level GBD morbidity source identifier was available in the inspected exports.,log_UI_width,Uncertainty-based estimation-support proxy; not source density or a measure of surveillance/data quality.
Cabo Verde,CPV,<5 years,2023,4830.36235071415,4131.09228409622,5619.7028173048,0.3077369354507624,0.3081778187900323,37884.29559949132,0.562409777,neither,False,0.0,-4228.320764264167,False,No auditable country-level GBD morbidity source identifier was available in the inspected exports.,log_UI_width,Uncertainty-based estimation-support proxy; not source density or a measure of surveillance/data quality.
Cambodia,KHM,<5 years,2023,9435.17726607069,8045.88150102581,10822.70321589429,0.2964857315935454,0.29430519814969996,1736870.8128614358,0.499953382,benchmark-aligned high burden,False,0.125,-1817.6970792495667,False,No auditable country-level GBD morbidity source identifier was available in the inspected exports.,log_UI_width,Uncertainty-based estimation-support proxy; not source density or a measure of surveillance/data quality.
Cameroon,CMR,<5 years,2023,7348.07034161533,6426.10574552656,8563.645295906459,0.2871572353850471,0.2908980794963379,5135557.83296531,0.487083713,benchmark-aligned high burden,False,0.0,-4352.148821199924,False,No auditable country-level GBD morbidity source identifier was available in the inspected exports.,log_UI_width,Uncertainty-based estimation-support proxy; not source density or a measure of surveillance/data quality.
Canada,CAN,<5 years,2023,578.20536370774,475.20823285966,705.06004744957,0.394529879932799,0.3975262579993828,1855325.9278502665,0.887304675,neither,False,0.0,-407.2537306233139,False,No auditable country-level GBD morbidity source identifier was available in the inspected exports.,log_UI_width,Uncertainty-based estimation-support proxy; not source density or a measure of surveillance/data quality.
Central African Republic,CAF,<5 years,2023,15119.462837139,12900.131912726858,17369.06555376837,0.29745324513869953,0.29557489503292117,1211182.4859615853,0.259147219,benchmark-aligned high burden,False,0.25,-3121.00002925248,False,No auditable country-level GBD morbidity source identifier was available in the inspected exports.,log_UI_width,Uncertainty-based estimation-support proxy; not source density or a measure of surveillance/data quality.
Chad,TCD,<5 years,2023,13470.30073356452,11629.80905419432,15465.62075239202,0.28504799649794244,0.28476065784038845,3996775.915722424,0.239323301,benchmark-aligned high burden,False,0.25,-5184.872819122127,False,No auditable country-level GBD morbidity source identifier was available in the inspected exports.,log_UI_width,Uncertainty-based estimation-support proxy; not source density or a measure of surveillance/data quality.
Chile,CHL,<5 years,2023,1966.1432787402705,1595.21987325051,2386.70294357627,0.4029013137075168,0.402556150858381,967571.9015276106,0.788533125,neither,False,0.0,-521.2207112548804,False,No auditable country-level GBD morbidity source identifier was available in the inspected exports.,log_UI_width,Uncertainty-based estimation-support proxy; not source density or a measure of surveillance/data quality.
China,CHN,<5 years,2023,4658.01627322439,3894.81961635568,5471.68011728652,0.3399383538533147,0.3385261897849274,62163764.01010591,0.727553274,deviation-only,True,0.625,771.5055919337497,False,No auditable country-level GBD morbidity source identifier was available in the inspected exports.,log_UI_width,Uncertainty-based estimation-support proxy; not source density or a measure of surveillance/data quality.
Colombia,COL,<5 years,2023,3153.35319463688,2600.4624417345904,3701.1676766154897,0.3529590667196887,0.34905865817788595,3711292.7079764702,0.688855489,neither,False,0.0,-1792.6068437405506,False,No auditable country-level GBD morbidity source identifier was available in the inspected exports.,log_UI_width,Uncertainty-based estimation-support proxy; not source density or a measure of surveillance/data quality.
Comoros,COM,<5 years,2023,9546.50102276371,8158.556392526841,11100.01370789672,0.30787910261859075,0.3081188917652604,106813.1712315223,0.478698597,benchmark-aligned high burden,False,0.125,-2442.9403242881945,False,No auditable country-level GBD morbidity source identifier was available in the inspected exports.,log_UI_width,Uncertainty-based estimation-support proxy; not source density or a measure of surveillance/data quality.
Congo,COG,<5 years,2023,6931.40390876314,5982.89562032662,8042.2675818097105,0.29580641275125963,0.2971074819171187,770025.1960850573,0.57784943,neither,False,0.125,-1589.4481113795218,False,No auditable country-level GBD morbidity source identifier was available in the inspected exports.,log_UI_width,Uncertainty-based estimation-support proxy; not source density or a measure of surveillance/data quality.
Cook Islands,COK,<5 years,2023,6708.50701980164,5624.17889348096,7952.79196892342,0.34644809512974817,0.3471134588618667,1097.4831391660073,0.777404869,deviation-only,True,1.0,3992.3741233588335,False,No auditable country-level GBD morbidity source identifier was available in the inspected exports.,log_UI_width,Uncertainty-based estimation-support proxy; not source density or a measure of surveillance/data quality.
Costa Rica,CRI,<5 years,2023,2454.02282393754,2040.97593738189,2936.83007320479,0.36390269913859363,0.36505533978102134,287576.492970473,0.71538598,neither,False,0.0,-1752.3579674494576,False,No auditable country-level GBD morbidity source identifier was available in the inspected exports.,log_UI_width,Uncertainty-based estimation-support proxy; not source density or a measure of surveillance/data quality.
Croatia,HRV,<5 years,2023,3545.37793910696,3003.17753330622,4224.9503667666095,0.34133660732542914,0.3446100400139963,176101.54086416334,0.782133463,deviation-only,True,0.75,927.9412793664084,False,No auditable country-level GBD morbidity source identifier was available in the inspected exports.,log_UI_width,Uncertainty-based estimation-support proxy; not source density or a measure of surveillance/data quality.
Cuba,CUB,<5 years,2023,4042.7294374621697,3363.39789502556,4769.0833860514895,0.3492023829222344,0.34770704118857654,514621.1064571,0.694880527,neither,False,0.0,-730.4416033489242,False,No auditable country-level GBD morbidity source identifier was available in the inspected exports.,log_UI_width,Uncertainty-based estimation-support proxy; not source density or a measure of surveillance/data quality.
Cyprus,CYP,<5 years,2023,686.76441690435,549.63998396829,860.8565754419701,0.4486644222106513,0.4531635358694263,76253.19217266756,0.855816058,neither,False,0.0,-677.2488900984541,False,No auditable country-level GBD morbidity source identifier was available in the inspected exports.,log_UI_width,Uncertainty-based estimation-support proxy; not source density or a measure of surveillance/data quality.
Czechia,CZE,<5 years,2023,3313.2199331974603,2808.25660008297,3926.05853438416,0.3350721413790083,0.3373763157408154,562482.8674850685,0.83103434,deviation-only,True,1.0,1586.8755616600608,False,No auditable country-level GBD morbidity source identifier was available in the inspected exports.,log_UI_width,Uncertainty-based estimation-support proxy; not source density or a measure of surveillance/data quality.
Côte d'Ivoire,CIV,<5 years,2023,7320.20796514121,6336.882378609961,8253.001798442081,0.2641900794076939,0.261757511392664,4970274.943932738,0.451524015,neither,False,0.0,-5590.552677717105,False,No auditable country-level GBD morbidity source identifier was available in the inspected exports.,log_UI_width,Uncertainty-based estimation-support proxy; not source density or a measure of surveillance/data quality.
Democratic People's Republic of Korea,PRK,<5 years,2023,8652.75042824236,7113.7892396508805,10353.39702768601,0.3752796341469793,0.3744020834648287,1490016.6971579716,0.57705994,benchmark-aligned high burden,False,0.25,104.5292763491907,False,No auditable country-level GBD morbidity source identifier was available in the inspected exports.,log_UI_width,Uncertainty-based estimation-support proxy; not source density or a measure of surveillance/data quality.
Democratic Republic of the Congo,COD,<5 years,2023,10276.8403893682,8752.51065562714,12171.86850555056,0.32978683766491557,0.33272462355850935,14606227.34317942,0.395104186,benchmark-aligned high burden,False,0.25,-4438.259080796359,False,No auditable country-level GBD morbidity source identifier was available in the inspected exports.,log_UI_width,Uncertainty-based estimation-support proxy; not source density or a measure of surveillance/data quality.
Denmark,DNK,<5 years,2023,908.84469884537,741.3610565958,1131.08758552482,0.42244715140980027,0.4288153184192448,305844.67716253427,0.915990253,neither,False,0.0,195.15268722741507,False,No auditable country-level GBD morbidity source identifier was available in the inspected exports.,log_UI_width,Uncertainty-based estimation-support proxy; not source density or a measure of surveillance/data quality.
Djibouti,DJI,<5 years,2023,9262.101197123671,7900.296271577919,10929.44248012096,0.324560031163184,0.32704741009348265,170204.1447554842,0.491006575,benchmark-aligned high burden,False,0.125,-2302.164993888862,False,No auditable country-level GBD morbidity source identifier was available in the inspected exports.,log_UI_width,Uncertainty-based estimation-support proxy; not source density or a measure of surveillance/data quality.
Dominica,DMA,<5 years,2023,4088.28180227458,3471.32308047768,4839.20542929931,0.3322147272617464,0.3345861207660849,3340.554667501194,0.75366422,deviation-only,True,0.875,843.8455137112633,False,No auditable country-level GBD morbidity source identifier was available in the inspected exports.,log_UI_width,Uncertainty-based estimation-support proxy; not source density or a measure of surveillance/data quality.
Dominican Republic,DOM,<5 years,2023,3657.28131256664,3144.03102374558,4357.26497279054,0.326338818585576,0.33173109896583963,1016191.4291244472,0.658091059,neither,False,0.0,-2211.092663961642,False,No auditable country-level GBD morbidity source identifier was available in the inspected exports.,log_UI_width,Uncertainty-based estimation-support proxy; not source density or a measure of surveillance/data quality.
Ecuador,ECU,<5 years,2023,5266.9638147982,4415.79998551356,6097.3034874840205,0.3226576074001759,0.3192548043041541,1487188.2332113562,0.690996593,neither,False,0.25,382.720125066764,False,No auditable country-level GBD morbidity source identifier was available in the inspected exports.,log_UI_width,Uncertainty-based estimation-support proxy; not source density or a measure of surveillance/data quality.
Egypt,EGY,<5 years,2023,8248.988093949421,7097.64603770964,9608.48050831632,0.3028829097108616,0.30438090611966817,12489621.99508598,0.676519583,double-high,True,1.0,2940.9461957741178,False,No auditable country-level GBD morbidity source identifier was available in the inspected exports.,log_UI_width,Uncertainty-based estimation-support proxy; not source density or a measure of surveillance/data quality.
El Salvador,SLV,<5 years,2023,3146.32744162048,2663.37199215177,3708.01500312783,0.3309037076407586,0.3320198009772398,439504.0128527905,0.608140065,neither,False,0.0,-4339.43517226455,False,No auditable country-level GBD morbidity source identifier was available in the inspected exports.,log_UI_width,Uncertainty-based estimation-support proxy; not source density or a measure of surveillance/data quality.
Equatorial Guinea,GNQ,<5 years,2023,5581.58119591103,4693.38672150734,6614.0752952805,0.3430455614040202,0.34411191136666136,203558.8617236681,0.646241526,neither,False,0.125,-658.3501506816083,False,No auditable country-level GBD morbidity source identifier was available in the inspected exports.,log_UI_width,Uncertainty-based estimation-support proxy; not source density or a measure of surveillance/data quality.
Eritrea,ERI,<5 years,2023,13199.150945042831,11099.93621810804,15560.84327353103,0.3378183500533716,0.3379692431730513,983453.7693027968,0.414533257,benchmark-aligned high burden,False,0.25,-913.940118858316,False,No auditable country-level GBD morbidity source identifier was available in the inspected exports.,log_UI_width,Uncertainty-based estimation-support proxy; not source density or a measure of surveillance/data quality.
Estonia,EST,<5 years,2023,2502.66755265997,1971.12511614463,3095.51156601342,0.4513486756994123,0.4492751938521485,67778.41280578442,0.854860197,deviation-only,True,1.0,1125.758101513661,False,No auditable country-level GBD morbidity source identifier was available in the inspected exports.,log_UI_width,Uncertainty-based estimation-support proxy; not source density or a measure of surveillance/data quality.
Eswatini,SWZ,<5 years,2023,7333.211689709799,6294.72401396816,8559.96813467307,0.3073846431285432,0.3089020495458456,133770.41574481313,0.606902305,benchmark-aligned high burden,False,0.125,-194.1724355525648,False,No auditable country-level GBD morbidity source identifier was available in the inspected exports.,log_UI_width,Uncertainty-based estimation-support proxy; not source density or a measure of surveillance/data quality.
Ethiopia,ETH,<5 years,2023,8832.14604735234,7638.258831671859,10069.93300915223,0.27638437859990717,0.2753208749542051,16402035.087166876,0.393767735,benchmark-aligned high burden,False,0.0,-5923.537359493792,False,No auditable country-level GBD morbidity source identifier was available in the inspected exports.,log_UI_width,Uncertainty-based estimation-support proxy; not source density or a measure of surveillance/data quality.
Fiji,FJI,<5 years,2023,7945.86596487596,6745.479322526419,9432.15158580891,0.33525168402549355,0.3381220215843939,89236.93089809861,0.686418864,double-high,True,1.0,2929.257881272966,False,No auditable country-level GBD morbidity source identifier was available in the inspected exports.,log_UI_width,Uncertainty-based estimation-support proxy; not source density or a measure of surveillance/data quality.
Finland,FIN,<5 years,2023,924.55468079875,739.48478366082,1171.19333038359,0.45982474308910515,0.4669367379653567,235520.88422058657,0.89081503,neither,False,0.0,-24.067637682067016,False,No auditable country-level GBD morbidity source identifier was available in the inspected exports.,log_UI_width,Uncertainty-based estimation-support proxy; not source density or a measure of surveillance/data quality.
France,FRA,<5 years,2023,888.37166618839,723.78052638908,1097.16570658619,0.4159972971022583,0.42030289169300133,3618556.3535410855,0.86109871,neither,False,0.0,-405.8987645662037,False,No auditable country-level GBD morbidity source identifier was available in the inspected exports.,log_UI_width,Uncertainty-based estimation-support proxy; not source density or a measure of surveillance/data quality.
Gabon,GAB,<5 years,2023,6160.34337731758,5366.29810412003,7175.304725924229,0.29050692654286614,0.2936535369870732,236439.2015726553,0.631085776,neither,False,0.0,-566.4170299307061,False,No auditable country-level GBD morbidity source identifier was available in the inspected exports.,log_UI_width,Uncertainty-based estimation-support proxy; not source density or a measure of surveillance/data quality.
Gambia,GMB,<5 years,2023,8319.070825546709,7066.71819128024,9605.35972859422,0.30692506353922333,0.3051592648445984,363144.7368305759,0.432615004,benchmark-aligned high burden,False,0.0,-5214.79989815525,False,No auditable country-level GBD morbidity source identifier was available in the inspected exports.,log_UI_width,Uncertainty-based estimation-support proxy; not source density or a measure of surveillance/data quality.
Georgia,GEO,<5 years,2023,4272.934252586289,3711.79707293801,4862.64547933791,0.2700664815480547,0.26933445224515756,224580.4014583178,0.754633377,deviation-only,True,0.875,1051.1198488220002,False,No auditable country-level GBD morbidity source identifier was available in the inspected exports.,log_UI_width,Uncertainty-based estimation-support proxy; not source density or a measure of surveillance/data quality.
Germany,DEU,<5 years,2023,975.05301750308,788.10411926281,1214.45139479033,0.4324175147106173,0.4372554803423017,3950164.737034171,0.878636199,neither,False,0.0,-105.86379086386262,False,No auditable country-level GBD morbidity source identifier was available in the inspected exports.,log_UI_width,Uncertainty-based estimation-support proxy; not source density or a measure of surveillance/data quality.
Ghana,GHA,<5 years,2023,6329.25139100965,5529.70104692798,7437.98690191523,0.29646648068976944,0.30150261651762855,4291815.354876952,0.573769063,neither,False,0.0,-2333.222791073341,False,No auditable country-level GBD morbidity source identifier was available in the inspected exports.,log_UI_width,Uncertainty-based estimation-support proxy; not source density or a measure of surveillance/data quality.
Greece,GRC,<5 years,2023,847.25239032861,676.75134499158,1049.84933651028,0.4390980278982397,0.4403622766694025,407963.99852488143,0.831148242,neither,False,0.0,-877.2915476235613,False,No auditable country-level GBD morbidity source identifier was available in the inspected exports.,log_UI_width,Uncertainty-based estimation-support proxy; not source density or a measure of surveillance/data quality.
Greenland,GRL,<5 years,2023,772.65031207911,651.23481583761,917.36638150734,0.34263665870540017,0.3444398604507149,3949.172738376703,0.860113904,neither,False,0.0,-534.4262645129248,False,No auditable country-level GBD morbidity source identifier was available in the inspected exports.,log_UI_width,Uncertainty-based estimation-support proxy; not source density or a measure of surveillance/data quality.
Grenada,GRD,<5 years,2023,4080.3739996452896,3409.04630823085,4815.49020970147,0.34540527176288194,0.34468504641802034,7130.455533201499,0.678048084,neither,False,0.0,-1182.215776885244,False,No auditable country-level GBD morbidity source identifier was available in the inspected exports.,log_UI_width,Uncertainty-based estimation-support proxy; not source density or a measure of surveillance/data quality.
Guam,GUM,<5 years,2023,7407.560540449699,6369.41150255178,8620.88197723124,0.30268031745415236,0.30394223069593396,11501.43997297156,0.811868521,double-high,True,1.0,5360.149076654438,False,No auditable country-level GBD morbidity source identifier was available in the inspected exports.,log_UI_width,Uncertainty-based estimation-support proxy; not source density or a measure of surveillance/data quality.
Guatemala,GTM,<5 years,2023,4471.20898496616,3741.12432276607,5255.8302895501,0.3399518044531984,0.3387687696721459,1703055.0565649385,0.553757769,neither,False,0.0,-4890.7631441853055,False,No auditable country-level GBD morbidity source identifier was available in the inspected exports.,log_UI_width,Uncertainty-based estimation-support proxy; not source density or a measure of surveillance/data quality.
Guinea,GIN,<5 years,2023,10792.60866961379,9401.7669105926,12343.17043093224,0.2722052677443507,0.2725386985095696,2342243.447553988,0.355150968,benchmark-aligned high burden,False,0.25,-5086.622111544288,False,No auditable country-level GBD morbidity source identifier was available in the inspected exports.,log_UI_width,Uncertainty-based estimation-support proxy; not source density or a measure of surveillance/data quality.
Guinea-Bissau,GNB,<5 years,2023,8720.49487280476,7356.911387922779,9990.92194678258,0.3060366790838014,0.30204828937794315,333711.1659300036,0.373341963,benchmark-aligned high burden,False,0.0,-6641.536385696336,False,No auditable country-level GBD morbidity source identifier was available in the inspected exports.,log_UI_width,Uncertainty-based estimation-support proxy; not source density or a measure of surveillance/data quality.
Guyana,GUY,<5 years,2023,3417.2319928416696,2875.03870683527,3969.34381931657,0.32253465882541477,0.32023143724910164,73901.16844364327,0.695580314,neither,False,0.0,-1336.0485397417156,False,No auditable country-level GBD morbidity source identifier was available in the inspected exports.,log_UI_width,Uncertainty-based estimation-support proxy; not source density or a measure of surveillance/data quality.
Haiti,HTI,<5 years,2023,8949.67630920838,7656.01523835147,10136.0492271885,0.28060665514624894,0.2771087917766709,1646631.0906479126,0.463794706,benchmark-aligned high burden,False,0.0,-3548.423448842039,False,No auditable country-level GBD morbidity source identifier was available in the inspected exports.,log_UI_width,Uncertainty-based estimation-support proxy; not source density or a measure of surveillance/data quality.
Honduras,HND,<5 years,2023,2888.62258023463,2434.75439314998,3436.4549673029205,0.34459452104938837,0.3467744734140993,1209887.9777596877,0.520269472,neither,False,0.0,-7652.071943771586,False,No auditable country-level GBD morbidity source identifier was available in the inspected exports.,log_UI_width,Uncertainty-based estimation-support proxy; not source density or a measure of surveillance/data quality.
Hungary,HUN,<5 years,2023,3615.2573290172,2964.94574696054,4383.75920659857,0.3910478881738877,0.3924515824226906,454808.7554192552,0.793609757,deviation-only,True,0.875,1228.1987023785175,False,No auditable country-level GBD morbidity source identifier was available in the inspected exports.,log_UI_width,Uncertainty-based estimation-support proxy; not source density or a measure of surveillance/data quality.
Iceland,ISL,<5 years,2023,875.87520963528,714.17216247717,1077.39595876039,0.41117820212939193,0.41469811257070355,23074.971483219226,0.888965507,neither,False,0.0,-92.02646660134997,False,No auditable country-level GBD morbidity source identifier was available in the inspected exports.,log_UI_width,Uncertainty-based estimation-support proxy; not source density or a measure of surveillance/data quality.
India,IND,<5 years,2023,8613.16113084222,7570.0609344519,9794.93969625564,0.25766477791093045,0.25831152210038655,110034436.90795527,0.606982048,double-high,True,1.0,1088.4604453525862,False,No auditable country-level GBD morbidity source identifier was available in the inspected exports.,log_UI_width,Uncertainty-based estimation-support proxy; not source density or a measure of surveillance/data quality.
Indonesia,IDN,<5 years,2023,7325.72747367358,6296.405145693259,8442.29360285193,0.29327516683997423,0.2929249640899606,21804804.67808735,0.665731524,deviation-only,True,1.0,1692.3633027675023,False,No auditable country-level GBD morbidity source identifier was available in the inspected exports.,log_UI_width,Uncertainty-based estimation-support proxy; not source density or a measure of surveillance/data quality.
Iran (Islamic Republic of),IRN,<5 years,2023,2776.05004523411,2357.26086321415,3242.82933693731,0.31894590710269544,0.31900306525218936,5592652.277894355,0.717585049,neither,False,0.0,-1371.5841588382796,False,No auditable country-level GBD morbidity source identifier was available in the inspected exports.,log_UI_width,Uncertainty-based estimation-support proxy; not source density or a measure of surveillance/data quality.
Iraq,IRQ,<5 years,2023,6854.63682933101,5802.1517331287,8071.42306588789,0.33010096977083236,0.3310563913538018,4682545.005170832,0.653812815,deviation-only,True,1.0,853.0803371689826,False,No auditable country-level GBD morbidity source identifier was available in the inspected exports.,log_UI_width,Uncertainty-based estimation-support proxy; not source density or a measure of surveillance/data quality.
Ireland,IRL,<5 years,2023,865.4916176377999,697.56419252618,1071.85971759568,0.4295559308595731,0.4324658002940233,297339.9060262284,0.906907098,neither,False,0.0,72.79317543946945,False,No auditable country-level GBD morbidity source identifier was available in the inspected exports.,log_UI_width,Uncertainty-based estimation-support proxy; not source density or a measure of surveillance/data quality.
Israel,ISR,<5 years,2023,884.3571806034299,710.9938523135701,1104.25913387479,0.44026613877585064,0.4446905505905208,942390.1404466968,0.840929726,neither,False,0.0,-690.2638012355503,False,No auditable country-level GBD morbidity source identifier was available in the inspected exports.,log_UI_width,Uncertainty-based estimation-support proxy; not source density or a measure of surveillance/data quality.
Italy,ITA,<5 years,2023,846.3678618682001,703.53523135794,1029.71821408366,0.3809225098234208,0.3853915034128678,2088221.274922096,0.834438992,neither,False,0.0,-826.7043720543412,False,No auditable country-level GBD morbidity source identifier was available in the inspected exports.,log_UI_width,Uncertainty-based estimation-support proxy; not source density or a measure of surveillance/data quality.
Jamaica,JAM,<5 years,2023,3366.7726204638,2849.44670168527,3992.67752600055,0.3373372293168275,0.33956282564689233,186851.62642109417,0.691833531,neither,False,0.0,-1493.439958309672,False,No auditable country-level GBD morbidity source identifier was available in the inspected exports.,log_UI_width,Uncertainty-based estimation-support proxy; not source density or a measure of surveillance/data quality.
Japan,JPN,<5 years,2023,1385.5536510448198,1149.52737163488,1677.89930647993,0.3781917214750221,0.38134354050210517,4132140.85763017,0.875884075,neither,False,0.125,272.9688050998743,False,No auditable country-level GBD morbidity source identifier was available in the inspected exports.,log_UI_width,Uncertainty-based estimation-support proxy; not source density or a measure of surveillance/data quality.
Jordan,JOR,<5 years,2023,7165.26809211332,6108.00701705584,8449.12972350071,0.3244629085773365,0.3267320463586981,1144922.6446462888,0.72035157,deviation-only,True,1.0,3090.959144186477,False,No auditable country-level GBD morbidity source identifier was available in the inspected exports.,log_UI_width,Uncertainty-based estimation-support proxy; not source density or a measure of surveillance/data quality.
Kazakhstan,KAZ,<5 years,2023,3419.6872202601703,2974.39730666508,3913.0395048085497,0.2742730064834369,0.2744818861159055,2074795.7068552093,0.727191018,neither,False,0.0,-476.1624804638332,False,No auditable country-level GBD morbidity source identifier was available in the inspected exports.,log_UI_width,Uncertainty-based estimation-support proxy; not source density or a measure of surveillance/data quality.
Kenya,KEN,<5 years,2023,14302.637622573438,12442.07215761873,16280.70360530658,0.26889693304437756,0.26838626195978355,5942969.0896937335,0.548710797,double-high,True,1.0,4763.317708720286,False,No auditable country-level GBD morbidity source identifier was available in the inspected exports.,log_UI_width,Uncertainty-based estimation-support proxy; not source density or a measure of surveillance/data quality.
Kiribati,KIR,<5 years,2023,8611.86182316997,7184.31981365565,10078.95996266262,0.3385492315126264,0.3361224562636413,14931.079013285836,0.542688753,benchmark-aligned high burden,False,0.25,-1139.353748969268,False,No auditable country-level GBD morbidity source identifier was available in the inspected exports.,log_UI_width,Uncertainty-based estimation-support proxy; not source density or a measure of surveillance/data quality.
Kuwait,KWT,<5 years,2023,10401.755995638789,8925.92032520489,12425.4664064356,0.3307886690000075,0.33643800938014573,249635.135122896,0.877142895,double-high,True,1.0,9303.73846254082,False,No auditable country-level GBD morbidity source identifier was available in the inspected exports.,log_UI_width,Uncertainty-based estimation-support proxy; not source density or a measure of surveillance/data quality.
Kyrgyzstan,KGZ,<5 years,2023,4368.19208080257,3862.05583119555,5024.679407745361,0.26316201200452305,0.26615669710572826,792060.6418350603,0.625153433,neither,False,0.0,-2552.4002037351456,False,No auditable country-level GBD morbidity source identifier was available in the inspected exports.,log_UI_width,Uncertainty-based estimation-support proxy; not source density or a measure of surveillance/data quality.
Lao People's Democratic Republic,LAO,<5 years,2023,10007.03351532393,8391.6730606039,11521.59910364257,0.3169835448393403,0.31277261520567146,803503.460528847,0.515008269,benchmark-aligned high burden,False,0.25,-718.5953616743136,False,No auditable country-level GBD morbidity source identifier was available in the inspected exports.,log_UI_width,Uncertainty-based estimation-support proxy; not source density or a measure of surveillance/data quality.
Latvia,LVA,<5 years,2023,2280.11548821399,1838.71398471288,2804.26054714364,0.4220734787544762,0.42346388479956815,88970.54021628914,0.8508436,deviation-only,True,0.875,848.0815117506686,False,No auditable country-level GBD morbidity source identifier was available in the inspected exports.,log_UI_width,Uncertainty-based estimation-support proxy; not source density or a measure of surveillance/data quality.
Lebanon,LBN,<5 years,2023,7005.694524592281,5974.831613365151,8109.32484317569,0.3054586991882857,0.30467974621470717,422803.3835749697,0.723671502,deviation-only,True,1.0,3018.516041138056,False,No auditable country-level GBD morbidity source identifier was available in the inspected exports.,log_UI_width,Uncertainty-based estimation-support proxy; not source density or a measure of surveillance/data quality.
Lesotho,LSO,<5 years,2023,16716.94903820866,14067.639882308433,19316.98571726739,0.3171076819104801,0.314013389821368,202836.4666615628,0.509816661,double-high,True,1.0,5809.127067172427,False,No auditable country-level GBD morbidity source identifier was available in the inspected exports.,log_UI_width,Uncertainty-based estimation-support proxy; not source density or a measure of surveillance/data quality.
Liberia,LBR,<5 years,2023,9487.48922817474,8108.571289767589,10926.45482930724,0.2982652111515769,0.29701045996146785,764357.1495307451,0.38302106,benchmark-aligned high burden,False,0.0,-5590.512880920423,False,No auditable country-level GBD morbidity source identifier was available in the inspected exports.,log_UI_width,Uncertainty-based estimation-support proxy; not source density or a measure of surveillance/data quality.
Libya,LBY,<5 years,2023,7505.98166476235,6327.326618649209,8792.716245623998,0.32904586757002185,0.3284566545837475,578452.684478432,0.770482329,double-high,True,1.0,4641.417245475193,False,No auditable country-level GBD morbidity source identifier was available in the inspected exports.,log_UI_width,Uncertainty-based estimation-support proxy; not source density or a measure of surveillance/data quality.
Lithuania,LTU,<5 years,2023,2494.58269142178,1991.9747193565304,3051.6545113392,0.42655743827796755,0.42479240941846996,123884.520994066,0.856187639,deviation-only,True,1.0,1135.5596536726594,False,No auditable country-level GBD morbidity source identifier was available in the inspected exports.,log_UI_width,Uncertainty-based estimation-support proxy; not source density or a measure of surveillance/data quality.
Luxembourg,LUX,<5 years,2023,854.54591423364,675.8923771744701,1065.12208996324,0.4548108520309402,0.45548133377693634,33954.67125607925,0.89475691,neither,False,0.0,-53.93643807224203,False,No auditable country-level GBD morbidity source identifier was available in the inspected exports.,log_UI_width,Uncertainty-based estimation-support proxy; not source density or a measure of surveillance/data quality.
Madagascar,MDG,<5 years,2023,10880.43729404419,9332.48335849799,12406.46571739573,0.28471661690872985,0.28252378795293437,4628293.229229472,0.379987683,benchmark-aligned high burden,False,0.25,-4287.225928837968,False,No auditable country-level GBD morbidity source identifier was available in the inspected exports.,log_UI_width,Uncertainty-based estimation-support proxy; not source density or a measure of surveillance/data quality.
Malawi,MWI,<5 years,2023,8843.57258955434,7623.90125327753,10251.43209054741,0.29612919779643576,0.2971119206250889,2924916.737642294,0.409532838,benchmark-aligned high burden,False,0.0,-5426.554159123656,False,No auditable country-level GBD morbidity source identifier was available in the inspected exports.,log_UI_width,Uncertainty-based estimation-support proxy; not source density or a measure of surveillance/data quality.
Malaysia,MYS,<5 years,2023,6771.88446814123,5630.29395217235,8086.6330875924195,0.36205080989708627,0.3627260841463076,2303385.8612779286,0.770371353,deviation-only,True,1.0,3904.902550464084,False,No auditable country-level GBD morbidity source identifier was available in the inspected exports.,log_UI_width,Uncertainty-based estimation-support proxy; not source density or a measure of surveillance/data quality.
Maldives,MDV,<5 years,2023,5925.94795509928,5061.95640168926,6929.462659054369,0.314029222596373,0.31514050941978317,31902.204965732188,0.660888616,neither,False,0.25,144.05173527375337,False,No auditable country-level GBD morbidity source identifier was available in the inspected exports.,log_UI_width,Uncertainty-based estimation-support proxy; not source density or a measure of surveillance/data quality.
Mali,MLI,<5 years,2023,8088.13538489103,6931.94391256022,9159.61335574749,0.2786636869938697,0.275424351494987,4600201.221757113,0.284970766,benchmark-aligned high burden,False,0.0,-9576.858875655824,False,No auditable country-level GBD morbidity source identifier was available in the inspected exports.,log_UI_width,Uncertainty-based estimation-support proxy; not source density or a measure of surveillance/data quality.
Malta,MLT,<5 years,2023,796.7060449254699,642.68695607761,964.31195351955,0.40575708883413864,0.403693431837871,23586.96514353152,0.830491207,neither,False,0.0,-938.24093730992,False,No auditable country-level GBD morbidity source identifier was available in the inspected exports.,log_UI_width,Uncertainty-based estimation-support proxy; not source density or a measure of surveillance/data quality.
Marshall Islands,MHL,<5 years,2023,10544.27684779045,8872.49976014982,12506.65921841768,0.3433046614219144,0.34465706000780866,4424.283248285915,0.605458023,double-high,True,1.0,2968.244573056929,False,No auditable country-level GBD morbidity source identifier was available in the inspected exports.,log_UI_width,Uncertainty-based estimation-support proxy; not source density or a measure of surveillance/data quality.
Mauritania,MRT,<5 years,2023,8251.15136725873,7060.82394279802,9562.45339632782,0.3032825750798285,0.3031855000814165,665793.0934039786,0.518009346,benchmark-aligned high burden,False,0.25,-2369.0195447286333,False,No auditable country-level GBD morbidity source identifier was available in the inspected exports.,log_UI_width,Uncertainty-based estimation-support proxy; not source density or a measure of surveillance/data quality.
Mauritius,MUS,<5 years,2023,8532.69450114996,7197.437765896269,9851.05809935316,0.31385377382988366,0.3109944148474154,63518.44090607205,0.736236312,double-high,True,1.0,4866.564836338877,False,No auditable country-level GBD morbidity source identifier was available in the inspected exports.,log_UI_width,Uncertainty-based estimation-support proxy; not source density or a measure of surveillance/data quality.
Mexico,MEX,<5 years,2023,1513.33403445923,1314.0733827548302,1705.30017762608,0.2606093871494961,0.25851978873325854,9191611.840562612,0.693436757,neither,False,0.0,-3300.9924017202147,False,No auditable country-level GBD morbidity source identifier was available in the inspected exports.,log_UI_width,Uncertainty-based estimation-support proxy; not source density or a measure of surveillance/data quality.
Micronesia (Federated States of),FSM,<5 years,2023,5855.66071761687,4967.39604581694,6969.887241197919,0.33870327854447524,0.3419752769070866,9497.376081104836,0.596840305,neither,False,0.0,-2012.4082200778205,False,No auditable country-level GBD morbidity source identifier was available in the inspected exports.,log_UI_width,Uncertainty-based estimation-support proxy; not source density or a measure of surveillance/data quality.
Monaco,MCO,<5 years,2023,822.3329825589799,668.61289686256,1009.7588966551,0.4122616020003198,0.41485141302607564,1607.8010524433598,0.92270063,neither,False,0.0,163.0390430843296,False,No auditable country-level GBD morbidity source identifier was available in the inspected exports.,log_UI_width,Uncertainty-based estimation-support proxy; not source density or a measure of surveillance/data quality.
Mongolia,MNG,<5 years,2023,4424.98870063685,3848.65776937542,5078.96934348191,0.2773838996824569,0.2780372238983169,382299.7321581855,0.659697833,neither,False,0.0,-1393.6570755308694,False,No auditable country-level GBD morbidity source identifier was available in the inspected exports.,log_UI_width,Uncertainty-based estimation-support proxy; not source density or a measure of surveillance/data quality.
Montenegro,MNE,<5 years,2023,3731.31470574842,3105.7299100619803,4518.3877653258405,0.3749064776644335,0.37859520481816666,36816.28041011225,0.788565722,deviation-only,True,0.875,1244.602904985611,False,No auditable country-level GBD morbidity source identifier was available in the inspected exports.,log_UI_width,Uncertainty-based estimation-support proxy; not source density or a measure of surveillance/data quality.
Morocco,MAR,<5 years,2023,6339.835944959089,5356.41014598841,7487.254423466689,0.3349081628842754,0.33610400899609244,2619448.584083098,0.612385219,neither,False,0.0,-1003.6791104036564,False,No auditable country-level GBD morbidity source identifier was available in the inspected exports.,log_UI_width,Uncertainty-based estimation-support proxy; not source density or a measure of surveillance/data quality.
Mozambique,MOZ,<5 years,2023,6796.73260683972,5848.60301206214,7975.43709385326,0.3101636238063996,0.312920075692081,5596219.382083319,0.341791325,neither,False,0.0,-9448.19530664219,False,No auditable country-level GBD morbidity source identifier was available in the inspected exports.,log_UI_width,Uncertainty-based estimation-support proxy; not source density or a measure of surveillance/data quality.
Myanmar,MMR,<5 years,2023,9439.52127720046,8238.95446032021,10911.22407898558,0.2809185414545716,0.2830937650535073,5348170.898926012,0.532025372,benchmark-aligned high burden,False,0.25,-687.2804004516311,False,No auditable country-level GBD morbidity source identifier was available in the inspected exports.,log_UI_width,Uncertainty-based estimation-support proxy; not source density or a measure of surveillance/data quality.
Namibia,NAM,<5 years,2023,7783.113785130109,6730.02774339262,9060.339903117549,0.2973273702567987,0.29940615338003473,340640.24416805763,0.619642149,double-high,True,0.875,680.9035341512936,False,No auditable country-level GBD morbidity source identifier was available in the inspected exports.,log_UI_width,Uncertainty-based estimation-support proxy; not source density or a measure of surveillance/data quality.
Nauru,NRU,<5 years,2023,11446.95521865991,9775.91413562433,13347.703257424932,0.3114227101933924,0.31202962303706366,1569.3162499428706,0.626371926,double-high,True,1.0,4566.31867371863,False,No auditable country-level GBD morbidity source identifier was available in the inspected exports.,log_UI_width,Uncertainty-based estimation-support proxy; not source density or a measure of surveillance/data quality.
Nepal,NPL,<5 years,2023,8423.68553298228,7282.06708177124,9686.8851212497,0.2853581596011452,0.2854828839541295,2835483.5293214847,0.471006784,benchmark-aligned high burden,False,0.0,-3829.208202200513,False,No auditable country-level GBD morbidity source identifier was available in the inspected exports.,log_UI_width,Uncertainty-based estimation-support proxy; not source density or a measure of surveillance/data quality.
Netherlands,NLD,<5 years,2023,784.8143861817499,640.3241220119,953.33664709057,0.39799360230934777,0.39883637531356547,867274.5860207886,0.908399773,neither,False,0.0,5.533773837028775,False,No auditable country-level GBD morbidity source identifier was available in the inspected exports.,log_UI_width,Uncertainty-based estimation-support proxy; not source density or a measure of surveillance/data quality.
New Zealand,NZL,<5 years,2023,1050.28347689401,880.16198645275,1230.919201155,0.335410521228674,0.3339643271734027,298054.29960199934,0.866430611,neither,False,0.125,-176.1939734481557,False,No auditable country-level GBD morbidity source identifier was available in the inspected exports.,log_UI_width,Uncertainty-based estimation-support proxy; not source density or a measure of surveillance/data quality.
Nicaragua,NIC,<5 years,2023,3139.91097077426,2610.87282647757,3684.78285515872,0.3445270155132665,0.3420192606341122,634045.2128044134,0.535691817,neither,False,0.0,-6857.72944133014,False,No auditable country-level GBD morbidity source identifier was available in the inspected exports.,log_UI_width,Uncertainty-based estimation-support proxy; not source density or a measure of surveillance/data quality.
Niger,NER,<5 years,2023,11958.87798295491,10195.41498168805,13768.54741046821,0.30044871010991336,0.29878492228727277,5442833.322532686,0.203013134,benchmark-aligned high burden,False,0.125,-7402.466718900498,False,No auditable country-level GBD morbidity source identifier was available in the inspected exports.,log_UI_width,Uncertainty-based estimation-support proxy; not source density or a measure of surveillance/data quality.
Nigeria,NGA,<5 years,2023,12039.683642782227,10375.26542223989,13702.59825132635,0.27816081957761263,0.2763638088681168,38782499.66255724,0.511952631,double-high,True,1.0,1206.7803519698991,False,No auditable country-level GBD morbidity source identifier was available in the inspected exports.,log_UI_width,Uncertainty-based estimation-support proxy; not source density or a measure of surveillance/data quality.
Niue,NIU,<5 years,2023,7735.37451151143,6508.62556350541,9298.55023053856,0.3567301918454753,0.3606709232864306,115.54669246987956,0.748490237,double-high,True,1.0,4368.6768978936,False,No auditable country-level GBD morbidity source identifier was available in the inspected exports.,log_UI_width,Uncertainty-based estimation-support proxy; not source density or a measure of surveillance/data quality.
North Macedonia,MKD,<5 years,2023,3480.70666535892,2874.93848047441,4135.711950220991,0.36362821432561354,0.36221767329438936,93914.77891037622,0.758480094,neither,False,0.0,347.8062065121662,False,No auditable country-level GBD morbidity source identifier was available in the inspected exports.,log_UI_width,Uncertainty-based estimation-support proxy; not source density or a measure of surveillance/data quality.
Northern Mariana Islands,MNP,<5 years,2023,6486.173108238299,5531.54305472281,7507.471300639069,0.3054318880939153,0.3046369890138407,2750.7025515919463,0.791104245,deviation-only,True,1.0,4049.9286048844256,False,No auditable country-level GBD morbidity source identifier was available in the inspected exports.,log_UI_width,Uncertainty-based estimation-support proxy; not source density or a measure of surveillance/data quality.
Norway,NOR,<5 years,2023,1050.68929862907,857.4391495081201,1301.1202871671,0.41703071785814494,0.42227625068409014,275672.9921607992,0.916927776,neither,False,0.25,344.7967273319791,False,No auditable country-level GBD morbidity source identifier was available in the inspected exports.,log_UI_width,Uncertainty-based estimation-support proxy; not source density or a measure of surveillance/data quality.
Oman,OMN,<5 years,2023,5930.28981778007,5035.898288458749,6963.02324653921,0.324021835448292,0.32496303170590335,433831.9377868808,0.781268794,deviation-only,True,1.0,3294.96956007172,False,No auditable country-level GBD morbidity source identifier was available in the inspected exports.,log_UI_width,Uncertainty-based estimation-support proxy; not source density or a measure of surveillance/data quality.
Pakistan,PAK,<5 years,2023,15356.059810624509,13055.352495853029,17878.537863254627,0.3144027887979437,0.3140900352618154,30828249.070843715,0.512722944,double-high,True,1.0,4550.189468446628,False,No auditable country-level GBD morbidity source identifier was available in the inspected exports.,log_UI_width,Uncertainty-based estimation-support proxy; not source density or a measure of surveillance/data quality.
Palau,PLW,<5 years,2023,6792.642163054439,5788.90982003708,8111.88932540756,0.33738681627621325,0.3419846724747692,1027.3997140774393,0.75589719,deviation-only,True,1.0,3600.19433316248,False,No auditable country-level GBD morbidity source identifier was available in the inspected exports.,log_UI_width,Uncertainty-based estimation-support proxy; not source density or a measure of surveillance/data quality.
Palestine,PSE,<5 years,2023,7398.178954804401,6286.29512917209,8664.53007203029,0.3208658013020358,0.3214622081172781,654789.4913122548,0.6379798,double-high,True,0.875,894.4049801048659,False,No auditable country-level GBD morbidity source identifier was available in the inspected exports.,log_UI_width,Uncertainty-based estimation-support proxy; not source density or a measure of surveillance/data quality.
Panama,PAN,<5 years,2023,3042.82832068322,2582.74805119236,3597.1135353313603,0.3312777599110479,0.3333627064149449,346279.14688995085,0.71530692,neither,False,0.0,-1165.672063572666,False,No auditable country-level GBD morbidity source identifier was available in the inspected exports.,log_UI_width,Uncertainty-based estimation-support proxy; not source density or a measure of surveillance/data quality.
Papua New Guinea,PNG,<5 years,2023,10922.871222401913,9602.62791284394,12454.58095362528,0.2600517013819488,0.2610992094214402,1643935.147474981,0.43671418,benchmark-aligned high burden,False,0.25,-2477.3468137317104,False,No auditable country-level GBD morbidity source identifier was available in the inspected exports.,log_UI_width,Uncertainty-based estimation-support proxy; not source density or a measure of surveillance/data quality.
Paraguay,PRY,<5 years,2023,4266.81004567222,3512.6635063439903,5069.996452266079,0.3669655344272904,0.36498764398984085,542539.7490798669,0.674088962,neither,False,0.0,-1113.8428077242645,False,No auditable country-level GBD morbidity source identifier was available in the inspected exports.,log_UI_width,Uncertainty-based estimation-support proxy; not source density or a measure of surveillance/data quality.
Peru,PER,<5 years,2023,5509.25704553358,4606.33505834225,6537.67263146908,0.3501486927461528,0.35056225497639265,3067508.468708151,0.685607664,neither,False,0.25,469.03210722331823,False,No auditable country-level GBD morbidity source identifier was available in the inspected exports.,log_UI_width,Uncertainty-based estimation-support proxy; not source density or a measure of surveillance/data quality.
Philippines,PHL,<5 years,2023,8290.45753867116,7256.4500440784095,9476.29670106832,0.2669028619939464,0.2677592456912481,10066510.671651265,0.669416191,double-high,True,1.0,2769.083441752691,False,No auditable country-level GBD morbidity source identifier was available in the inspected exports.,log_UI_width,Uncertainty-based estimation-support proxy; not source density or a measure of surveillance/data quality.
Poland,POL,<5 years,2023,6120.52093254584,5311.40615535501,6972.14083491305,0.27206571464562757,0.271338779470076,1769827.8624746564,0.847008286,deviation-only,True,1.0,4634.432983521878,False,No auditable country-level GBD morbidity source identifier was available in the inspected exports.,log_UI_width,Uncertainty-based estimation-support proxy; not source density or a measure of surveillance/data quality.
Portugal,PRT,<5 years,2023,863.89445847974,707.3213082849301,1056.66414929967,0.4013871660125119,0.40438138893668196,421154.330389155,0.78646394,neither,False,0.0,-1665.0837894821466,False,No auditable country-level GBD morbidity source identifier was available in the inspected exports.,log_UI_width,Uncertainty-based estimation-support proxy; not source density or a measure of surveillance/data quality.
Puerto Rico,PRI,<5 years,2023,3433.34057015421,2844.05137263653,4105.88937234536,0.367192800014851,0.3675248563098867,84094.30036266295,0.847508564,deviation-only,True,1.0,1954.3823515229344,False,No auditable country-level GBD morbidity source identifier was available in the inspected exports.,log_UI_width,Uncertainty-based estimation-support proxy; not source density or a measure of surveillance/data quality.
Qatar,QAT,<5 years,2023,5990.892539220679,5002.28504986568,7095.18843460141,0.34952205103742173,0.3493475089119165,151523.30088372127,0.859589918,deviation-only,True,1.0,4676.965790017428,False,No auditable country-level GBD morbidity source identifier was available in the inspected exports.,log_UI_width,Uncertainty-based estimation-support proxy; not source density or a measure of surveillance/data quality.
Republic of Korea,KOR,<5 years,2023,1547.10960944557,1246.79277340728,1952.64288574742,0.448609308192661,0.4562379472215236,1361690.2227310238,0.891662727,neither,False,0.25,607.2281166622221,False,No auditable country-level GBD morbidity source identifier was available in the inspected exports.,log_UI_width,Uncertainty-based estimation-support proxy; not source density or a measure of surveillance/data quality.
Republic of Moldova,MDA,<5 years,2023,3178.68813458312,2657.14271764063,3830.21167045671,0.3656686889402012,0.36904185096155284,147439.9386745126,0.733718614,neither,False,0.0,-550.6518708966414,False,No auditable country-level GBD morbidity source identifier was available in the inspected exports.,log_UI_width,Uncertainty-based estimation-support proxy; not source density or a measure of surveillance/data quality.
Romania,ROU,<5 years,2023,3978.84291717186,3382.7236710116103,4564.6932109794,0.29967010236150493,0.2970636349745435,911702.6281951978,0.768756849,deviation-only,True,0.75,1076.5556770239514,False,No auditable country-level GBD morbidity source identifier was available in the inspected exports.,log_UI_width,Uncertainty-based estimation-support proxy; not source density or a measure of surveillance/data quality.
Russian Federation,RUS,<5 years,2023,1909.91374023656,1602.28155757989,2271.95122794003,0.3492104470543378,0.35062822799379173,6254281.616809885,0.822523587,neither,False,0.0,45.45485188600492,False,No auditable country-level GBD morbidity source identifier was available in the inspected exports.,log_UI_width,Uncertainty-based estimation-support proxy; not source density or a measure of surveillance/data quality.
Rwanda,RWA,<5 years,2023,10106.528353431631,8549.0605108837,11645.95708967544,0.3091376937101593,0.30642535898493767,1770029.3762539155,0.462112705,benchmark-aligned high burden,False,0.25,-2448.486441408972,False,No auditable country-level GBD morbidity source identifier was available in the inspected exports.,log_UI_width,Uncertainty-based estimation-support proxy; not source density or a measure of surveillance/data quality.
Saint Kitts and Nevis,KNA,<5 years,2023,4304.140417921791,3636.42919334434,5020.87404333802,0.32260182144383975,0.3216542016680173,2979.566752715131,0.754464215,deviation-only,True,0.875,1078.3838427962291,False,No auditable country-level GBD morbidity source identifier was available in the inspected exports.,log_UI_width,Uncertainty-based estimation-support proxy; not source density or a measure of surveillance/data quality.
Saint Lucia,LCA,<5 years,2023,3839.26014954546,3225.4787804443,4432.8205627241,0.3179546790454566,0.3144725116954474,9365.052087010925,0.70288814,neither,False,0.0,-708.5738364346225,False,No auditable country-level GBD morbidity source identifier was available in the inspected exports.,log_UI_width,Uncertainty-based estimation-support proxy; not source density or a measure of surveillance/data quality.
Saint Vincent and the Grenadines,VCT,<5 years,2023,3375.1845580933,2792.17423256769,3996.48791525748,0.3585953670800297,0.3568141717767657,6751.781766580486,0.65846284,neither,False,0.0,-2481.6688605133136,False,No auditable country-level GBD morbidity source identifier was available in the inspected exports.,log_UI_width,Uncertainty-based estimation-support proxy; not source density or a measure of surveillance/data quality.
Samoa,WSM,<5 years,2023,7827.890044918629,6609.27631951458,9120.04636398172,0.3220007226488697,0.32074671847198133,29620.99023323351,0.604489559,benchmark-aligned high burden,False,0.25,219.18772279684708,False,No auditable country-level GBD morbidity source identifier was available in the inspected exports.,log_UI_width,Uncertainty-based estimation-support proxy; not source density or a measure of surveillance/data quality.
San Marino,SMR,<5 years,2023,855.48700628964,683.27673141278,1072.60070394771,0.4509415948941973,0.4550904568655921,1150.7462380138677,0.883012202,neither,False,0.0,-176.43405256085862,False,No auditable country-level GBD morbidity source identifier was available in the inspected exports.,log_UI_width,Uncertainty-based estimation-support proxy; not source density or a measure of surveillance/data quality.
Sao Tome and Principe,STP,<5 years,2023,6201.02874173648,5404.8812322111,7306.51187441148,0.30146351095510227,0.3066637361961113,22214.632630054683,0.522633002,neither,False,0.0,-4256.510153511679,False,No auditable country-level GBD morbidity source identifier was available in the inspected exports.,log_UI_width,Uncertainty-based estimation-support proxy; not source density or a measure of surveillance/data quality.
Saudi Arabia,SAU,<5 years,2023,5652.44470174113,4769.7012619365705,6652.02009236027,0.332636907411084,0.3330096851445333,2538421.082272707,0.828451182,deviation-only,True,1.0,3884.929093885824,False,No auditable country-level GBD morbidity source identifier was available in the inspected exports.,log_UI_width,Uncertainty-based estimation-support proxy; not source density or a measure of surveillance/data quality.
Senegal,SEN,<5 years,2023,7130.26906517842,6036.779018749689,8221.15391031527,0.3088399829362434,0.3063523790754622,2708899.117690927,0.412747283,neither,False,0.0,-7039.071913926013,False,No auditable country-level GBD morbidity source identifier was available in the inspected exports.,log_UI_width,Uncertainty-based estimation-support proxy; not source density or a measure of surveillance/data quality.
Serbia,SRB,<5 years,2023,2731.98412481344,2252.1219312509897,3300.6688564506803,0.3822522793565355,0.3838041794153153,345896.04416921735,0.784525117,neither,False,0.0,163.63003596002682,False,No auditable country-level GBD morbidity source identifier was available in the inspected exports.,log_UI_width,Uncertainty-based estimation-support proxy; not source density or a measure of surveillance/data quality.
Seychelles,SYC,<5 years,2023,10269.11516278566,8628.597229826091,11756.79932839706,0.30934979338135804,0.30462236025040307,7423.890777631199,0.753016949,double-high,True,1.0,7009.5211424056015,False,No auditable country-level GBD morbidity source identifier was available in the inspected exports.,log_UI_width,Uncertainty-based estimation-support proxy; not source density or a measure of surveillance/data quality.
Sierra Leone,SLE,<5 years,2023,10119.910915429493,8927.21682528898,11456.71461901846,0.24947130711676202,0.24995257516277514,1096701.9211949697,0.383229086,benchmark-aligned high burden,False,0.25,-4951.920845736064,False,No auditable country-level GBD morbidity source identifier was available in the inspected exports.,log_UI_width,Uncertainty-based estimation-support proxy; not source density or a measure of surveillance/data quality.
Singapore,SGP,<5 years,2023,2430.49951779291,2054.04951775938,2947.42123189022,0.36111741019051813,0.3675671225568043,251740.58466747624,0.869993868,deviation-only,True,1.0,1247.889682282051,False,No auditable country-level GBD morbidity source identifier was available in the inspected exports.,log_UI_width,Uncertainty-based estimation-support proxy; not source density or a measure of surveillance/data quality.
Slovakia,SVK,<5 years,2023,4262.79824321474,3683.45273021886,4973.69550075317,0.30031257110906395,0.3026750732545315,277368.5328690977,0.813141722,deviation-only,True,1.0,2237.8382062937526,False,No auditable country-level GBD morbidity source identifier was available in the inspected exports.,log_UI_width,Uncertainty-based estimation-support proxy; not source density or a measure of surveillance/data quality.
Slovenia,SVN,<5 years,2023,3512.39553932483,2944.6421443130403,4128.70708820784,0.3379770075051578,0.3371103654579877,95411.87977856668,0.844865839,deviation-only,True,1.0,1995.5054915251192,False,No auditable country-level GBD morbidity source identifier was available in the inspected exports.,log_UI_width,Uncertainty-based estimation-support proxy; not source density or a measure of surveillance/data quality.
Solomon Islands,SLB,<5 years,2023,9707.571955632,8397.3298317364,11301.867685762889,0.2970542158452911,0.29920332986472226,112933.20832401232,0.45802266,benchmark-aligned high burden,False,0.25,-2985.3882673579574,False,No auditable country-level GBD morbidity source identifier was available in the inspected exports.,log_UI_width,Uncertainty-based estimation-support proxy; not source density or a measure of surveillance/data quality.
Somalia,SOM,<5 years,2023,11679.651580832651,10016.60347217781,13446.293569812458,0.29445943369430694,0.29364661042312895,4116421.289804058,0.229019065,benchmark-aligned high burden,False,0.125,-7182.531460387978,False,No auditable country-level GBD morbidity source identifier was available in the inspected exports.,log_UI_width,Uncertainty-based estimation-support proxy; not source density or a measure of surveillance/data quality.
South Africa,ZAF,<5 years,2023,9965.14925982399,8588.930399931149,11469.62657410947,0.28922816250890016,0.28907707241197933,5225580.757914188,0.70261336,double-high,True,1.0,5409.666157522966,False,No auditable country-level GBD morbidity source identifier was available in the inspected exports.,log_UI_width,Uncertainty-based estimation-support proxy; not source density or a measure of surveillance/data quality.
South Sudan,SSD,<5 years,2023,11048.540012845411,9337.59854099489,12966.93153678175,0.3283532850931099,0.32848982685198896,1397114.284709317,0.379080534,benchmark-aligned high burden,False,0.25,-4145.82258377849,False,No auditable country-level GBD morbidity source identifier was available in the inspected exports.,log_UI_width,Uncertainty-based estimation-support proxy; not source density or a measure of surveillance/data quality.
Spain,ESP,<5 years,2023,879.79038967876,710.41332925478,1076.65035252526,0.41576302045097524,0.41627759017031873,1769424.691312506,0.811819795,neither,False,0.0,-1168.4834884218246,False,No auditable country-level GBD morbidity source identifier was available in the inspected exports.,log_UI_width,Uncertainty-based estimation-support proxy; not source density or a measure of surveillance/data quality.
Sri Lanka,LKA,<5 years,2023,6790.61867487166,5556.12320908195,8190.64649256402,0.3880922310637356,0.3879651339031876,1421827.1560855766,0.730697976,deviation-only,True,1.0,2984.694730587455,False,No auditable country-level GBD morbidity source identifier was available in the inspected exports.,log_UI_width,Uncertainty-based estimation-support proxy; not source density or a measure of surveillance/data quality.
Sudan,SDN,<5 years,2023,7979.42215441398,6825.619646024849,9484.62205052923,0.32898862794565886,0.33323245130394546,4184821.711078522,0.573101197,benchmark-aligned high burden,False,0.25,-706.2710455218585,False,No auditable country-level GBD morbidity source identifier was available in the inspected exports.,log_UI_width,Uncertainty-based estimation-support proxy; not source density or a measure of surveillance/data quality.
Suriname,SUR,<5 years,2023,3752.37003932975,3194.80541351881,4403.49411103643,0.3208721593876458,0.3221134069532003,45422.61157767751,0.654870057,neither,False,0.0,-2216.170639959873,False,No auditable country-level GBD morbidity source identifier was available in the inspected exports.,log_UI_width,Uncertainty-based estimation-support proxy; not source density or a measure of surveillance/data quality.
Sweden,SWE,<5 years,2023,871.89520946306,701.77354257846,1102.29254658963,0.45153666019363836,0.45936598763723224,563681.1039771353,0.910927944,neither,False,0.0,114.947791564495,False,No auditable country-level GBD morbidity source identifier was available in the inspected exports.,log_UI_width,Uncertainty-based estimation-support proxy; not source density or a measure of surveillance/data quality.
Switzerland,CHE,<5 years,2023,808.0061329821,654.5647027848601,1001.91472277478,0.4256977322059825,0.4298853756319383,434327.0657144656,0.946050659,neither,False,0.125,313.4552401962036,False,No auditable country-level GBD morbidity source identifier was available in the inspected exports.,log_UI_width,Uncertainty-based estimation-support proxy; not source density or a measure of surveillance/data quality.
Syrian Arab Republic,SYR,<5 years,2023,7702.664296598299,6328.45934939059,9175.86357886399,0.37151969473790913,0.36966484839938935,1321865.7611608573,0.58868192,benchmark-aligned high burden,False,0.25,-444.42594912330514,False,No auditable country-level GBD morbidity source identifier was available in the inspected exports.,log_UI_width,Uncertainty-based estimation-support proxy; not source density or a measure of surveillance/data quality.
Taiwan,TWN,<5 years,2023,6802.53554316589,5618.765361866241,8120.53515347311,0.3682841043317282,0.3677701903550142,765640.3384773007,0.881537661,deviation-only,True,1.0,5754.289893116134,False,No auditable country-level GBD morbidity source identifier was available in the inspected exports.,log_UI_width,Uncertainty-based estimation-support proxy; not source density or a measure of surveillance/data quality.
Tajikistan,TJK,<5 years,2023,5847.36124339947,5123.03184624438,6811.503220487861,0.28486641176046135,0.28875783519436826,1349135.7638343796,0.551182019,neither,False,0.0,-3605.0887897303446,False,No auditable country-level GBD morbidity source identifier was available in the inspected exports.,log_UI_width,Uncertainty-based estimation-support proxy; not source density or a measure of surveillance/data quality.
Thailand,THA,<5 years,2023,7983.282763665279,6628.476618047791,9656.71271972074,0.37627828538146346,0.3793221649940189,2644486.3705035807,0.68718778,double-high,True,1.0,2989.016017889787,False,No auditable country-level GBD morbidity source identifier was available in the inspected exports.,log_UI_width,Uncertainty-based estimation-support proxy; not source density or a measure of surveillance/data quality.
Timor-Leste,TLS,<5 years,2023,13821.334826356118,11798.47457827214,16280.24670883644,0.3219822644776489,0.3242647824447417,189336.0427119464,0.484532958,double-high,True,1.0,2032.9274349475647,False,No auditable country-level GBD morbidity source identifier was available in the inspected exports.,log_UI_width,Uncertainty-based estimation-support proxy; not source density or a measure of surveillance/data quality.
Togo,TGO,<5 years,2023,9010.08443490722,7627.83493999369,10441.06443453532,0.3139424857844695,0.3122312021452881,1141775.962684013,0.4605221,benchmark-aligned high burden,False,0.0,-3598.6540115535154,False,No auditable country-level GBD morbidity source identifier was available in the inspected exports.,log_UI_width,Uncertainty-based estimation-support proxy; not source density or a measure of surveillance/data quality.
Tonga,TON,<5 years,2023,8786.56786631068,7518.23038716506,10316.05811175165,0.3163709317565768,0.3184209997755753,11083.30388210271,0.63599479,double-high,True,1.0,2218.845617448984,False,No auditable country-level GBD morbidity source identifier was available in the inspected exports.,log_UI_width,Uncertainty-based estimation-support proxy; not source density or a measure of surveillance/data quality.
Trinidad and Tobago,TTO,<5 years,2023,2710.74307016567,2257.94831035191,3221.25245238426,0.35531367061709496,0.35536534341245274,71919.51340836691,0.770448612,neither,False,0.0,-154.5557130550087,False,No auditable country-level GBD morbidity source identifier was available in the inspected exports.,log_UI_width,Uncertainty-based estimation-support proxy; not source density or a measure of surveillance/data quality.
Tunisia,TUN,<5 years,2023,6353.425097380031,5335.0483919724,7577.033315471959,0.35082378448795204,0.35287815456014254,818537.4930979975,0.683722134,deviation-only,True,1.0,1258.120798464015,False,No auditable country-level GBD morbidity source identifier was available in the inspected exports.,log_UI_width,Uncertainty-based estimation-support proxy; not source density or a measure of surveillance/data quality.
Turkmenistan,TKM,<5 years,2023,6603.91309166772,5901.1826348779205,7578.9872175358,0.25022680085062454,0.25406218394587843,596989.0550738934,0.682174647,deviation-only,True,1.0,1463.21236766335,False,No auditable country-level GBD morbidity source identifier was available in the inspected exports.,log_UI_width,Uncertainty-based estimation-support proxy; not source density or a measure of surveillance/data quality.
Tuvalu,TUV,<5 years,2023,7615.06886600853,6561.71946955547,8995.4526000685,0.3154665001153898,0.31959436918246564,1196.0119314007045,0.611233842,benchmark-aligned high burden,False,0.25,233.0509273594089,False,No auditable country-level GBD morbidity source identifier was available in the inspected exports.,log_UI_width,Uncertainty-based estimation-support proxy; not source density or a measure of surveillance/data quality.
Türkiye,TUR,<5 years,2023,5079.97192635007,4294.33427848674,6023.82422453559,0.3384257666434962,0.3404526582278729,5418375.030179703,0.730952258,deviation-only,True,0.875,1280.5261565063656,False,No auditable country-level GBD morbidity source identifier was available in the inspected exports.,log_UI_width,Uncertainty-based estimation-support proxy; not source density or a measure of surveillance/data quality.
Uganda,UGA,<5 years,2023,8611.93386057941,7317.46613002094,10219.30685647894,0.3340146492671323,0.33695576085889306,7506677.15806234,0.442281237,benchmark-aligned high burden,False,0.0,-4605.474010030834,False,No auditable country-level GBD morbidity source identifier was available in the inspected exports.,log_UI_width,Uncertainty-based estimation-support proxy; not source density or a measure of surveillance/data quality.
Ukraine,UKR,<5 years,2023,1974.22707580553,1607.4096904623002,2386.77247844361,0.39531803043039915,0.39476856412948946,1263550.683334703,0.764530545,neither,False,0.0,-1021.6720264195604,False,No auditable country-level GBD morbidity source identifier was available in the inspected exports.,log_UI_width,Uncertainty-based estimation-support proxy; not source density or a measure of surveillance/data quality.
United Arab Emirates,ARE,<5 years,2023,5506.32909380916,4596.64956936054,6631.12115047173,0.36644620890757373,0.36947874826417,436164.408513648,0.862209546,deviation-only,True,1.0,4226.396718562249,False,No auditable country-level GBD morbidity source identifier was available in the inspected exports.,log_UI_width,Uncertainty-based estimation-support proxy; not source density or a measure of surveillance/data quality.
United Kingdom,GBR,<5 years,2023,812.8425486624499,670.2153335165,985.23395729468,0.3852800790073241,0.3875518380485249,3562027.94922158,0.880444683,neither,False,0.0,-247.6245475161286,False,No auditable country-level GBD morbidity source identifier was available in the inspected exports.,log_UI_width,Uncertainty-based estimation-support proxy; not source density or a measure of surveillance/data quality.
United Republic of Tanzania,TZA,<5 years,2023,10169.993961330589,8754.26656160567,11885.31904270106,0.30576275603154457,0.30787161654181944,9874343.11382794,0.465888633,benchmark-aligned high burden,False,0.25,-2257.10532741442,False,No auditable country-level GBD morbidity source identifier was available in the inspected exports.,log_UI_width,Uncertainty-based estimation-support proxy; not source density or a measure of surveillance/data quality.
United States Virgin Islands,VIR,<5 years,2023,3121.51178621093,2522.95412291022,3799.55950853736,0.4094546552609577,0.40897022758858675,4112.843613979266,0.816423321,deviation-only,True,0.875,1153.6798074423016,False,No auditable country-level GBD morbidity source identifier was available in the inspected exports.,log_UI_width,Uncertainty-based estimation-support proxy; not source density or a measure of surveillance/data quality.
United States of America,USA,<5 years,2023,946.79547072534,810.1123569969201,1103.9292917996,0.30945822711426096,0.3103277781605637,18528047.630820863,0.876475276,neither,False,0.0,-158.93054489015458,False,No auditable country-level GBD morbidity source identifier was available in the inspected exports.,log_UI_width,Uncertainty-based estimation-support proxy; not source density or a measure of surveillance/data quality.
Uruguay,URY,<5 years,2023,2385.15484068362,1953.8751797208504,2902.64927540012,0.3958091909919359,0.39778301999351007,174873.64194124733,0.745444259,neither,False,0.0,-1054.685623839775,False,No auditable country-level GBD morbidity source identifier was available in the inspected exports.,log_UI_width,Uncertainty-based estimation-support proxy; not source density or a measure of surveillance/data quality.
Uzbekistan,UZB,<5 years,2023,5522.52849242177,5033.32754304544,6146.72429275895,0.19983799983031147,0.20160996022770306,4121680.6320996857,0.632090937,neither,False,0.0,-1171.5656910634216,False,No auditable country-level GBD morbidity source identifier was available in the inspected exports.,log_UI_width,Uncertainty-based estimation-support proxy; not source density or a measure of surveillance/data quality.
Vanuatu,VUT,<5 years,2023,9434.89295034327,7957.141528637559,11034.23896349833,0.326933240709927,0.32614015347665576,43649.45980010274,0.47654316,benchmark-aligned high burden,False,0.125,-2628.563711711202,False,No auditable country-level GBD morbidity source identifier was available in the inspected exports.,log_UI_width,Uncertainty-based estimation-support proxy; not source density or a measure of surveillance/data quality.
Venezuela (Bolivarian Republic of),VEN,<5 years,2023,3163.99782903712,2670.7215022549203,3707.76419836125,0.32808039153510204,0.3277634031822096,1555902.8077276135,0.580213457,neither,False,0.0,-5274.999218579969,False,No auditable country-level GBD morbidity source identifier was available in the inspected exports.,log_UI_width,Uncertainty-based estimation-support proxy; not source density or a measure of surveillance/data quality.
Viet Nam,VNM,<5 years,2023,6907.004009406701,5850.270093788619,8102.25360586084,0.325654415870984,0.32604346385281197,7850619.298573905,0.64302812,neither,False,0.25,564.901745977998,False,No auditable country-level GBD morbidity source identifier was available in the inspected exports.,log_UI_width,Uncertainty-based estimation-support proxy; not source density or a measure of surveillance/data quality.
Yemen,YEM,<5 years,2023,11472.52899260395,9626.50055646505,13483.95139475207,0.3369804227115978,0.3362336971014693,4965326.943281002,0.446393545,benchmark-aligned high burden,False,0.25,-1608.9146251281527,False,No auditable country-level GBD morbidity source identifier was available in the inspected exports.,log_UI_width,Uncertainty-based estimation-support proxy; not source density or a measure of surveillance/data quality.
Zambia,ZMB,<5 years,2023,6219.711193596289,5405.32892921466,7311.5787290854,0.3020739131465646,0.30648525961034695,3229105.55669225,0.505571537,neither,False,0.0,-4836.81553787098,False,No auditable country-level GBD morbidity source identifier was available in the inspected exports.,log_UI_width,Uncertainty-based estimation-support proxy; not source density or a measure of surveillance/data quality.
Zimbabwe,ZWE,<5 years,2023,10242.88233505578,8768.62726979794,12051.85508609226,0.3180383286870381,0.3205374921722598,2198137.3605147675,0.491184885,benchmark-aligned high burden,False,0.25,-1315.1952606662471,False,No auditable country-level GBD morbidity source identifier was available in the inspected exports.,log_UI_width,Uncertainty-based estimation-support proxy; not source density or a measure of surveillance/data quality.
